[
{
  "model": "webapp.region",
  "pk": 1,
  "fields": {
    "name": "region0"
  }
},
{
  "model": "webapp.region",
  "pk": 2,
  "fields": {
    "name": "region1"
  }
},
{
  "model": "webapp.region",
  "pk": 3,
  "fields": {
    "name": "region2"
  }
},
{
  "model": "webapp.region",
  "pk": 4,
  "fields": {
    "name": "region3"
  }
},
{
  "model": "webapp.region",
  "pk": 5,
  "fields": {
    "name": "region4"
  }
},
{
  "model": "webapp.village",
  "pk": 1,
  "fields": {
    "name": "village0",
    "region": 5
  }
},
{
  "model": "webapp.village",
  "pk": 2,
  "fields": {
    "name": "village1",
    "region": 5
  }
},
{
  "model": "webapp.village",
  "pk": 3,
  "fields": {
    "name": "village2",
    "region": 4
  }
},
{
  "model": "webapp.village",
  "pk": 4,
  "fields": {
    "name": "village3",
    "region": 1
  }
},
{
  "model": "webapp.village",
  "pk": 5,
  "fields": {
    "name": "village4",
    "region": 2
  }
},
{
  "model": "webapp.member",
  "pk": 1,
  "fields": {
    "name": "Окрошка",
    "surname": "member1",
    "avatar": "avatars/ab212f85066c1b4c54a7088a17868d4a_FRUbCL3.jpeg",
    "phone_number1": "+996700123456",
    "phone_number2": "+996700123456",
    "whatsapp_number": "+996700123456",
    "created_at": "2021-08-24T05:59:40.399Z",
    "position": "pos",
    "region": 1,
    "village": 1,
    "membership_fee": false,
    "deleted": null
  }
},
{
  "model": "webapp.member",
  "pk": 2,
  "fields": {
    "name": "member 0",
    "surname": "surname=0",
    "avatar": "avatars/ab212f85066c1b4c54a7088a17868d4a_FRUbCL3.jpeg",
    "phone_number1": "+996700123456",
    "phone_number2": "+996700123456",
    "whatsapp_number": "+996700123456",
    "created_at": "2021-08-24T06:03:06.823Z",
    "position": "pos0",
    "region": 4,
    "village": 5,
    "membership_fee": false,
    "deleted": null
  }
},
{
  "model": "webapp.member",
  "pk": 3,
  "fields": {
    "name": "member 1",
    "surname": "surname=1",
    "avatar": "avatars/ab212f85066c1b4c54a7088a17868d4a_FRUbCL3.jpeg",
    "phone_number1": "+996700123456",
    "phone_number2": "+996700123456",
    "whatsapp_number": "+996700123456",
    "created_at": "2021-08-24T06:03:06.915Z",
    "position": "pos1",
    "region": 3,
    "village": 1,
    "membership_fee": true,
    "deleted": null
  }
},
{
  "model": "webapp.member",
  "pk": 4,
  "fields": {
    "name": "member 2",
    "surname": "surname=2",
    "avatar": "avatars/ab212f85066c1b4c54a7088a17868d4a_FRUbCL3.jpeg",
    "phone_number1": "+996700123456",
    "phone_number2": "+996700123456",
    "whatsapp_number": "+996700123456",
    "created_at": "2021-08-24T06:03:06.983Z",
    "position": "pos2",
    "region": 4,
    "village": 1,
    "membership_fee": false,
    "deleted": null
  }
},
{
  "model": "webapp.member",
  "pk": 5,
  "fields": {
    "name": "member 3",
    "surname": "surname=3",
    "avatar": "avatars/ab212f85066c1b4c54a7088a17868d4a_FRUbCL3.jpeg",
    "phone_number1": "+996700123456",
    "phone_number2": "+996700123456",
    "whatsapp_number": "+996700123456",
    "created_at": "2021-08-24T06:03:07.051Z",
    "position": "pos3",
    "region": 1,
    "village": 2,
    "membership_fee": false,
    "deleted": null
  }
},
{
  "model": "webapp.member",
  "pk": 6,
  "fields": {
    "name": "member 4",
    "surname": "surname=4",
    "avatar": "avatars/ab212f85066c1b4c54a7088a17868d4a_FRUbCL3.jpeg",
    "phone_number1": "+996700123456",
    "phone_number2": "+996700123456",
    "whatsapp_number": "+996700123456",
    "created_at": "2021-08-24T06:03:07.116Z",
    "position": "pos4",
    "region": 5,
    "village": 4,
    "membership_fee": false,
    "deleted": null
  }
},
{
  "model": "webapp.member",
  "pk": 7,
  "fields": {
    "name": "member 5",
    "surname": "surname=5",
    "avatar": "avatars/ab212f85066c1b4c54a7088a17868d4a_FRUbCL3.jpeg",
    "phone_number1": "+996700123456",
    "phone_number2": "+996700123456",
    "whatsapp_number": "+996700123456",
    "created_at": "2021-08-24T06:03:07.182Z",
    "position": "pos5",
    "region": 4,
    "village": 3,
    "membership_fee": false,
    "deleted": null
  }
},
{
  "model": "webapp.member",
  "pk": 8,
  "fields": {
    "name": "member 6",
    "surname": "surname=6",
    "avatar": "avatars/ab212f85066c1b4c54a7088a17868d4a_FRUbCL3.jpeg",
    "phone_number1": "+996700123456",
    "phone_number2": "+996700123456",
    "whatsapp_number": "+996700123456",
    "created_at": "2021-08-24T06:03:07.272Z",
    "position": "pos6",
    "region": 2,
    "village": 4,
    "membership_fee": false,
    "deleted": null
  }
},
{
  "model": "webapp.member",
  "pk": 9,
  "fields": {
    "name": "member 7",
    "surname": "surname=7",
    "avatar": "avatars/ab212f85066c1b4c54a7088a17868d4a_FRUbCL3.jpeg",
    "phone_number1": "+996700123456",
    "phone_number2": "+996700123456",
    "whatsapp_number": "+996700123456",
    "created_at": "2021-08-24T06:03:07.362Z",
    "position": "pos7",
    "region": 4,
    "village": 4,
    "membership_fee": false,
    "deleted": null
  }
},
{
  "model": "webapp.member",
  "pk": 10,
  "fields": {
    "name": "member 8",
    "surname": "surname=8",
    "avatar": "avatars/ab212f85066c1b4c54a7088a17868d4a_FRUbCL3.jpeg",
    "phone_number1": "+996700123456",
    "phone_number2": "+996700123456",
    "whatsapp_number": "+996700123456",
    "created_at": "2021-08-24T06:03:07.515Z",
    "position": "pos8",
    "region": 3,
    "village": 1,
    "membership_fee": true,
    "deleted": null
  }
},
{
  "model": "webapp.member",
  "pk": 11,
  "fields": {
    "name": "member 9",
    "surname": "surname=9",
    "avatar": "avatars/ab212f85066c1b4c54a7088a17868d4a_FRUbCL3.jpeg",
    "phone_number1": "+996700123456",
    "phone_number2": "+996700123456",
    "whatsapp_number": "+996700123456",
    "created_at": "2021-08-24T06:03:07.625Z",
    "position": "pos9",
    "region": 1,
    "village": 5,
    "membership_fee": false,
    "deleted": null
  }
},
{
  "model": "webapp.member",
  "pk": 12,
  "fields": {
    "name": "member 10",
    "surname": "surname=10",
    "avatar": "avatars/ab212f85066c1b4c54a7088a17868d4a_FRUbCL3.jpeg",
    "phone_number1": "+996700123456",
    "phone_number2": "+996700123456",
    "whatsapp_number": "+996700123456",
    "created_at": "2021-08-24T06:03:07.717Z",
    "position": "pos10",
    "region": 5,
    "village": 5,
    "membership_fee": false,
    "deleted": null
  }
},
{
  "model": "webapp.member",
  "pk": 13,
  "fields": {
    "name": "member 11",
    "surname": "surname=11",
    "avatar": "avatars/ab212f85066c1b4c54a7088a17868d4a_FRUbCL3.jpeg",
    "phone_number1": "+996700123456",
    "phone_number2": "+996700123456",
    "whatsapp_number": "+996700123456",
    "created_at": "2021-08-24T06:03:07.804Z",
    "position": "pos11",
    "region": 3,
    "village": 2,
    "membership_fee": false,
    "deleted": null
  }
},
{
  "model": "webapp.member",
  "pk": 14,
  "fields": {
    "name": "member 12",
    "surname": "surname=12",
    "avatar": "avatars/ab212f85066c1b4c54a7088a17868d4a_FRUbCL3.jpeg",
    "phone_number1": "+996700123456",
    "phone_number2": "+996700123456",
    "whatsapp_number": "+996700123456",
    "created_at": "2021-08-24T06:03:07.895Z",
    "position": "pos12",
    "region": 3,
    "village": 5,
    "membership_fee": false,
    "deleted": null
  }
},
{
  "model": "webapp.member",
  "pk": 15,
  "fields": {
    "name": "member 13",
    "surname": "surname=13",
    "avatar": "avatars/ab212f85066c1b4c54a7088a17868d4a_FRUbCL3.jpeg",
    "phone_number1": "+996700123456",
    "phone_number2": "+996700123456",
    "whatsapp_number": "+996700123456",
    "created_at": "2021-08-24T06:03:07.982Z",
    "position": "pos13",
    "region": 2,
    "village": 5,
    "membership_fee": false,
    "deleted": null
  }
},
{
  "model": "webapp.member",
  "pk": 16,
  "fields": {
    "name": "member 14",
    "surname": "surname=14",
    "avatar": "avatars/ab212f85066c1b4c54a7088a17868d4a_FRUbCL3.jpeg",
    "phone_number1": "+996700123456",
    "phone_number2": "+996700123456",
    "whatsapp_number": "+996700123456",
    "created_at": "2021-08-24T06:03:08.060Z",
    "position": "pos14",
    "region": 5,
    "village": 2,
    "membership_fee": false,
    "deleted": null
  }
},
{
  "model": "webapp.member",
  "pk": 17,
  "fields": {
    "name": "member 15",
    "surname": "surname=15",
    "avatar": "avatars/ab212f85066c1b4c54a7088a17868d4a_FRUbCL3.jpeg",
    "phone_number1": "+996700123456",
    "phone_number2": "+996700123456",
    "whatsapp_number": "+996700123456",
    "created_at": "2021-08-24T06:03:08.139Z",
    "position": "pos15",
    "region": 4,
    "village": 5,
    "membership_fee": false,
    "deleted": null
  }
},
{
  "model": "webapp.member",
  "pk": 18,
  "fields": {
    "name": "member 16",
    "surname": "surname=16",
    "avatar": "avatars/ab212f85066c1b4c54a7088a17868d4a_FRUbCL3.jpeg",
    "phone_number1": "+996700123456",
    "phone_number2": "+996700123456",
    "whatsapp_number": "+996700123456",
    "created_at": "2021-08-24T06:03:08.218Z",
    "position": "pos16",
    "region": 3,
    "village": 3,
    "membership_fee": false,
    "deleted": null
  }
},
{
  "model": "webapp.member",
  "pk": 19,
  "fields": {
    "name": "member 17",
    "surname": "surname=17",
    "avatar": "avatars/ab212f85066c1b4c54a7088a17868d4a_FRUbCL3.jpeg",
    "phone_number1": "+996700123456",
    "phone_number2": "+996700123456",
    "whatsapp_number": "+996700123456",
    "created_at": "2021-08-24T06:03:08.307Z",
    "position": "pos17",
    "region": 3,
    "village": 2,
    "membership_fee": false,
    "deleted": null
  }
},
{
  "model": "webapp.member",
  "pk": 20,
  "fields": {
    "name": "member 18",
    "surname": "surname=18",
    "avatar": "avatars/ab212f85066c1b4c54a7088a17868d4a_FRUbCL3.jpeg",
    "phone_number1": "+996700123456",
    "phone_number2": "+996700123456",
    "whatsapp_number": "+996700123456",
    "created_at": "2021-08-24T06:03:08.391Z",
    "position": "pos18",
    "region": 2,
    "village": 5,
    "membership_fee": false,
    "deleted": "2021-08-24T12:11:00Z"
  }
},
{
  "model": "webapp.member",
  "pk": 21,
  "fields": {
    "name": "member 19",
    "surname": "surname=19",
    "avatar": "avatars/ab212f85066c1b4c54a7088a17868d4a_FRUbCL3.jpeg",
    "phone_number1": "+996700123456",
    "phone_number2": "+996700123456",
    "whatsapp_number": "+996700123456",
    "created_at": "2021-08-24T06:03:08.472Z",
    "position": "pos19",
    "region": 3,
    "village": 3,
    "membership_fee": false,
    "deleted": "2021-08-24T12:11:00Z"
  }
},
{
  "model": "webapp.transfertype",
  "pk": 1,
  "fields": {
    "name": "Накталай"
  }
},
{
  "model": "webapp.transfertype",
  "pk": 2,
  "fields": {
    "name": "Баланс"
  }
},
{
  "model": "webapp.transfertype",
  "pk": 3,
  "fields": {
    "name": "Элсом"
  }
},
{
  "model": "webapp.transfertype",
  "pk": 4,
  "fields": {
    "name": "О!деньги"
  }
},
{
  "model": "webapp.transfertype",
  "pk": 5,
  "fields": {
    "name": "MegaPay"
  }
},
{
  "model": "webapp.transfertype",
  "pk": 6,
  "fields": {
    "name": "Банк"
  }
},
{
  "model": "webapp.membershipfee",
  "pk": 1,
  "fields": {
    "payer": 10,
    "amount": 316,
    "transfer_type": 3,
    "info": "info 0",
    "created_at": "2021-08-24T06:06:34.476Z",
    "is_payed": true,
    "payed_at": "2021-08-24T06:06:34.475Z"
  }
},
{
  "model": "webapp.membershipfee",
  "pk": 2,
  "fields": {
    "payer": 9,
    "amount": 347,
    "transfer_type": 5,
    "info": "info 1",
    "created_at": "2021-08-24T06:06:34.557Z",
    "is_payed": true,
    "payed_at": "2021-08-24T06:06:34.556Z"
  }
},
{
  "model": "webapp.membershipfee",
  "pk": 3,
  "fields": {
    "payer": 9,
    "amount": 989,
    "transfer_type": 6,
    "info": "info 2",
    "created_at": "2021-08-24T06:06:34.636Z",
    "is_payed": true,
    "payed_at": "2021-08-24T06:06:34.636Z"
  }
},
{
  "model": "webapp.membershipfee",
  "pk": 4,
  "fields": {
    "payer": 3,
    "amount": 821,
    "transfer_type": 6,
    "info": "info 3",
    "created_at": "2021-08-24T06:06:34.714Z",
    "is_payed": true,
    "payed_at": "2021-08-24T06:06:34.714Z"
  }
},
{
  "model": "webapp.membershipfee",
  "pk": 5,
  "fields": {
    "payer": 3,
    "amount": 465,
    "transfer_type": 3,
    "info": "info 4",
    "created_at": "2021-08-24T06:06:34.793Z",
    "is_payed": true,
    "payed_at": "2021-08-24T06:06:34.792Z"
  }
},
{
  "model": "webapp.membershipfee",
  "pk": 6,
  "fields": {
    "payer": 18,
    "amount": 903,
    "transfer_type": 6,
    "info": "info 5",
    "created_at": "2021-08-24T06:06:34.882Z",
    "is_payed": true,
    "payed_at": "2021-08-24T06:06:34.881Z"
  }
},
{
  "model": "webapp.membershipfee",
  "pk": 7,
  "fields": {
    "payer": 11,
    "amount": 718,
    "transfer_type": 2,
    "info": "info 6",
    "created_at": "2021-08-24T06:06:34.971Z",
    "is_payed": false,
    "payed_at": "2021-08-24T06:06:34.970Z"
  }
},
{
  "model": "webapp.membershipfee",
  "pk": 8,
  "fields": {
    "payer": 13,
    "amount": 245,
    "transfer_type": 5,
    "info": "info 7",
    "created_at": "2021-08-24T06:06:35.058Z",
    "is_payed": true,
    "payed_at": "2021-08-24T06:06:35.058Z"
  }
},
{
  "model": "webapp.membershipfee",
  "pk": 9,
  "fields": {
    "payer": 2,
    "amount": 940,
    "transfer_type": 3,
    "info": "info 8",
    "created_at": "2021-08-24T06:06:35.126Z",
    "is_payed": true,
    "payed_at": "2021-08-24T06:06:35.126Z"
  }
},
{
  "model": "webapp.membershipfee",
  "pk": 10,
  "fields": {
    "payer": 19,
    "amount": 895,
    "transfer_type": 4,
    "info": "info 9",
    "created_at": "2021-08-24T06:06:35.191Z",
    "is_payed": false,
    "payed_at": "2021-08-24T06:06:35.191Z"
  }
},
{
  "model": "webapp.membershipfee",
  "pk": 11,
  "fields": {
    "payer": 8,
    "amount": 506,
    "transfer_type": 1,
    "info": "info 10",
    "created_at": "2021-08-24T06:06:35.259Z",
    "is_payed": true,
    "payed_at": "2021-08-24T06:06:35.258Z"
  }
},
{
  "model": "webapp.membershipfee",
  "pk": 12,
  "fields": {
    "payer": 6,
    "amount": 669,
    "transfer_type": 2,
    "info": "info 11",
    "created_at": "2021-08-24T06:06:35.325Z",
    "is_payed": false,
    "payed_at": "2021-08-24T06:06:35.325Z"
  }
},
{
  "model": "webapp.membershipfee",
  "pk": 13,
  "fields": {
    "payer": 6,
    "amount": 495,
    "transfer_type": 6,
    "info": "info 12",
    "created_at": "2021-08-24T06:06:35.392Z",
    "is_payed": false,
    "payed_at": "2021-08-24T06:06:35.392Z"
  }
},
{
  "model": "webapp.membershipfee",
  "pk": 14,
  "fields": {
    "payer": 13,
    "amount": 538,
    "transfer_type": 2,
    "info": "info 13",
    "created_at": "2021-08-24T06:06:35.459Z",
    "is_payed": false,
    "payed_at": "2021-08-24T06:06:35.459Z"
  }
},
{
  "model": "webapp.membershipfee",
  "pk": 15,
  "fields": {
    "payer": 8,
    "amount": 991,
    "transfer_type": 2,
    "info": "info 14",
    "created_at": "2021-08-24T06:06:35.537Z",
    "is_payed": true,
    "payed_at": "2021-08-24T06:06:35.536Z"
  }
},
{
  "model": "webapp.membershipfee",
  "pk": 16,
  "fields": {
    "payer": 4,
    "amount": 533,
    "transfer_type": 1,
    "info": "info 15",
    "created_at": "2021-08-24T06:06:35.614Z",
    "is_payed": true,
    "payed_at": "2021-08-24T06:06:35.614Z"
  }
},
{
  "model": "webapp.membershipfee",
  "pk": 17,
  "fields": {
    "payer": 16,
    "amount": 951,
    "transfer_type": 6,
    "info": "info 16",
    "created_at": "2021-08-24T06:06:35.692Z",
    "is_payed": false,
    "payed_at": "2021-08-24T06:06:35.691Z"
  }
},
{
  "model": "webapp.membershipfee",
  "pk": 18,
  "fields": {
    "payer": 19,
    "amount": 514,
    "transfer_type": 3,
    "info": "info 17",
    "created_at": "2021-08-24T06:06:35.770Z",
    "is_payed": true,
    "payed_at": "2021-08-24T06:06:35.770Z"
  }
},
{
  "model": "webapp.membershipfee",
  "pk": 19,
  "fields": {
    "payer": 9,
    "amount": 756,
    "transfer_type": 5,
    "info": "info 18",
    "created_at": "2021-08-24T06:06:35.848Z",
    "is_payed": true,
    "payed_at": "2021-08-24T06:06:35.847Z"
  }
},
{
  "model": "webapp.membershipfee",
  "pk": 20,
  "fields": {
    "payer": 18,
    "amount": 450,
    "transfer_type": 5,
    "info": "info 19",
    "created_at": "2021-08-24T06:06:35.925Z",
    "is_payed": true,
    "payed_at": "2021-08-24T06:06:35.924Z"
  }
},
{
  "model": "webapp.payments",
  "pk": 1,
  "fields": {
    "payer": "Payer0",
    "amount": 307,
    "type": "income",
    "info": "info0",
    "created_at": "2021-08-24T06:08:04.830Z"
  }
},
{
  "model": "webapp.payments",
  "pk": 2,
  "fields": {
    "payer": "Payer1",
    "amount": 361,
    "type": "income",
    "info": "info1",
    "created_at": "2021-08-24T06:08:04.924Z"
  }
},
{
  "model": "webapp.payments",
  "pk": 3,
  "fields": {
    "payer": "Payer2",
    "amount": 640,
    "type": "expense",
    "info": "info2",
    "created_at": "2021-08-24T06:08:05.014Z"
  }
},
{
  "model": "webapp.payments",
  "pk": 4,
  "fields": {
    "payer": "Payer3",
    "amount": 839,
    "type": "expense",
    "info": "info3",
    "created_at": "2021-08-24T06:08:05.102Z"
  }
},
{
  "model": "webapp.payments",
  "pk": 5,
  "fields": {
    "payer": "Payer4",
    "amount": 771,
    "type": "income",
    "info": "info4",
    "created_at": "2021-08-24T06:08:05.341Z"
  }
},
{
  "model": "webapp.payments",
  "pk": 6,
  "fields": {
    "payer": "Payer5",
    "amount": 402,
    "type": "expense",
    "info": "info5",
    "created_at": "2021-08-24T06:08:05.436Z"
  }
},
{
  "model": "webapp.payments",
  "pk": 7,
  "fields": {
    "payer": "Payer6",
    "amount": 452,
    "type": "income",
    "info": "info6",
    "created_at": "2021-08-24T06:08:05.525Z"
  }
},
{
  "model": "webapp.payments",
  "pk": 8,
  "fields": {
    "payer": "Payer7",
    "amount": 263,
    "type": "expense",
    "info": "info7",
    "created_at": "2021-08-24T06:08:05.614Z"
  }
},
{
  "model": "webapp.payments",
  "pk": 9,
  "fields": {
    "payer": "Payer8",
    "amount": 882,
    "type": "income",
    "info": "info8",
    "created_at": "2021-08-24T06:08:05.725Z"
  }
},
{
  "model": "webapp.payments",
  "pk": 10,
  "fields": {
    "payer": "Payer9",
    "amount": 507,
    "type": "income",
    "info": "info9",
    "created_at": "2021-08-24T06:08:05.802Z"
  }
},
{
  "model": "webapp.payments",
  "pk": 11,
  "fields": {
    "payer": "Payer10",
    "amount": 208,
    "type": "income",
    "info": "info10",
    "created_at": "2021-08-24T06:08:05.891Z"
  }
},
{
  "model": "webapp.payments",
  "pk": 12,
  "fields": {
    "payer": "Payer11",
    "amount": 267,
    "type": "income",
    "info": "info11",
    "created_at": "2021-08-24T06:08:05.980Z"
  }
},
{
  "model": "webapp.payments",
  "pk": 13,
  "fields": {
    "payer": "Payer12",
    "amount": 532,
    "type": "income",
    "info": "info12",
    "created_at": "2021-08-24T06:08:06.069Z"
  }
},
{
  "model": "webapp.payments",
  "pk": 14,
  "fields": {
    "payer": "Payer13",
    "amount": 773,
    "type": "expense",
    "info": "info13",
    "created_at": "2021-08-24T06:08:06.144Z"
  }
},
{
  "model": "webapp.payments",
  "pk": 15,
  "fields": {
    "payer": "Payer14",
    "amount": 669,
    "type": "income",
    "info": "info14",
    "created_at": "2021-08-24T06:08:06.236Z"
  }
},
{
  "model": "webapp.payments",
  "pk": 16,
  "fields": {
    "payer": "Payer15",
    "amount": 361,
    "type": "expense",
    "info": "info15",
    "created_at": "2021-08-24T06:08:06.325Z"
  }
},
{
  "model": "webapp.payments",
  "pk": 17,
  "fields": {
    "payer": "Payer16",
    "amount": 398,
    "type": "income",
    "info": "info16",
    "created_at": "2021-08-24T06:08:06.414Z"
  }
},
{
  "model": "webapp.payments",
  "pk": 18,
  "fields": {
    "payer": "Payer17",
    "amount": 502,
    "type": "expense",
    "info": "info17",
    "created_at": "2021-08-24T06:08:06.503Z"
  }
},
{
  "model": "webapp.payments",
  "pk": 19,
  "fields": {
    "payer": "Payer18",
    "amount": 860,
    "type": "income",
    "info": "info18",
    "created_at": "2021-08-24T06:08:06.592Z"
  }
},
{
  "model": "webapp.payments",
  "pk": 20,
  "fields": {
    "payer": "Payer19",
    "amount": 527,
    "type": "income",
    "info": "info19",
    "created_at": "2021-08-24T06:08:06.680Z"
  }
}
]
